{
    "Curves": [],
    "End_Time": 1.0,
    "Fifth_Directory": "",
    "Finish_Function": 0,
    "First_Directory": "../Bin/Resources/UI/UI_InGameData/BrainFieldFloor.json",
    "Fourth_Directory": "",
    "ObjectTag": "BrainFieldFloorGroup",
    "Prototype_GameObject": "ProtoVFX_EffectGroup\u0000",
    "Second_Directory": "",
    "Third_Directory": "",
    "TimelineEvent": {
        "Timeline": {
            "Events": []
        }
    },
    "Transform": {
        "WorldMatrix": [
            1.0,
            0.0,
            0.0,
            0.0,
            0.0,
            1.0,
            0.0,
            0.0,
            0.0,
            0.0,
            1.0,
            0.0,
            0.0,
            0.0,
            0.0,
            1.0
        ]
    }
}