{"Curves":[],"End_Time":0.0,"Fifth_Directory":"","Finish_Function":0,"FirstEffect_Curves":[{"Frames":[[-10000.0,0.0],[0.0,0.0],[0.0,0.0],[0.0,0.0],[0.0,0.0],[0.0,0.0],[0.0,0.0],[0.0,0.0],[0.0,0.0],[0.0,0.0],[0.0,0.0],[0.0,0.0],[0.0,0.0],[0.0,0.0],[0.0,0.0],[0.0,0.0],[0.0,0.0],[0.0,0.0],[0.0,0.0],[0.0,0.0],[0.0,0.0],[0.0,0.0],[0.0,0.0],[0.0,0.0],[0.0,0.0],[0.0,0.0],[0.0,0.0],[0.0,0.0],[0.0,0.0],[0.0,0.0]],"Name":"Color_Change","RangeMax":[1.0,1.0],"RangeMin":[0.0,0.0]}],"First_Directory":"../Bin/Resources/UI/UI_InGameData/0Monster_ShildBackGround.json","FourthEffect_Curves":[{"Frames":[[-10000.0,0.0],[0.0,0.0],[0.0,0.0],[0.0,0.0],[0.0,0.0],[0.0,0.0],[0.0,0.0],[0.0,0.0],[0.0,0.0],[0.0,0.0],[0.0,0.0],[0.0,0.0],[0.0,0.0],[0.0,0.0],[0.0,0.0],[0.0,0.0],[0.0,0.0],[0.0,0.0],[0.0,0.0],[0.0,0.0],[0.0,0.0],[0.0,0.0],[0.0,0.0],[0.0,0.0],[0.0,0.0],[0.0,0.0],[0.0,0.0],[0.0,0.0],[0.0,0.0],[0.0,0.0]],"Name":"Color_Change","RangeMax":[1.0,1.0],"RangeMin":[0.0,0.0]}],"Fourth_Directory":"../Bin/Resources/UI/UI_InGameData/3Monster_Shild.json","ObjectTag":"Monster_Shild","Prototype_GameObject":"ProtoVFX_EffectGroup\u0000","SecondEffect_Curves":[{"Frames":[[-10000.0,0.0],[0.0,0.0],[0.0,0.0],[0.0,0.0],[0.0,0.0],[0.0,0.0],[0.0,0.0],[0.0,0.0],[0.0,0.0],[0.0,0.0],[0.0,0.0],[0.0,0.0],[0.0,0.0],[0.0,0.0],[0.0,0.0],[0.0,0.0],[0.0,0.0],[0.0,0.0],[0.0,0.0],[0.0,0.0],[0.0,0.0],[0.0,0.0],[0.0,0.0],[0.0,0.0],[0.0,0.0],[0.0,0.0],[0.0,0.0],[0.0,0.0],[0.0,0.0],[0.0,0.0]],"Name":"Color_Change","RangeMax":[1.0,1.0],"RangeMin":[0.0,0.0]}],"Second_Directory":"../Bin/Resources/UI/UI_InGameData/1Monster_SHpBack.json","ThirdEffect_Curves":[{"Frames":[[-10000.0,0.0],[0.0,0.0],[0.0,0.0],[0.0,0.0],[0.0,0.0],[0.0,0.0],[0.0,0.0],[0.0,0.0],[0.0,0.0],[0.0,0.0],[0.0,0.0],[0.0,0.0],[0.0,0.0],[0.0,0.0],[0.0,0.0],[0.0,0.0],[0.0,0.0],[0.0,0.0],[0.0,0.0],[0.0,0.0],[0.0,0.0],[0.0,0.0],[0.0,0.0],[0.0,0.0],[0.0,0.0],[0.0,0.0],[0.0,0.0],[0.0,0.0],[0.0,0.0],[0.0,0.0]],"Name":"Color_Change","RangeMax":[1.0,1.0],"RangeMin":[0.0,0.0]}],"Third_Directory":"../Bin/Resources/UI/UI_InGameData/2Monster_SHp.json","Transform":{"WorldMatrix":[1.0,0.0,0.0,0.0,0.0,1.0,0.0,0.0,0.0,0.0,1.0,0.0,0.0,0.0,0.0,1.0]}}