{"Curves":[],"End_Time":0.0,"Fifth_Directory":"","Finish_Function":0,"FirstEffect_Curves":[{"Frames":[[-10000.0,0.0],[0.0,0.0],[0.0,0.0],[0.0,0.0],[0.0,0.0],[0.0,0.0],[0.0,0.0],[0.0,0.0],[0.0,0.0],[0.0,0.0],[0.0,0.0],[0.0,0.0],[0.0,0.0],[0.0,0.0],[0.0,0.0],[0.0,0.0],[0.0,0.0],[0.0,0.0],[0.0,0.0],[0.0,0.0],[0.0,0.0],[0.0,0.0],[0.0,0.0],[0.0,0.0],[0.0,0.0],[0.0,0.0],[0.0,0.0],[0.0,0.0],[0.0,0.0],[0.0,0.0]],"Name":"Color_Change","RangeMax":[1.0,1.0],"RangeMin":[0.0,0.0]}],"First_Directory":"../Bin/Resources/UI/UI_InGameData/0Mosnter_HpBackGround.json","Fourth_Directory":"","ObjectTag":"Monster_Hp","Prototype_GameObject":"ProtoVFX_EffectGroup\u0000","SecondEffect_Curves":[{"Frames":[[-10000.0,0.0],[0.0,0.0],[0.0,0.0],[0.0,0.0],[0.0,0.0],[0.0,0.0],[0.0,0.0],[0.0,0.0],[0.0,0.0],[0.0,0.0],[0.0,0.0],[0.0,0.0],[0.0,0.0],[0.0,0.0],[0.0,0.0],[0.0,0.0],[0.0,0.0],[0.0,0.0],[0.0,0.0],[0.0,0.0],[0.0,0.0],[0.0,0.0],[0.0,0.0],[0.0,0.0],[0.0,0.0],[0.0,0.0],[0.0,0.0],[0.0,0.0],[0.0,0.0],[0.0,0.0]],"Name":"Color_Change","RangeMax":[1.0,1.0],"RangeMin":[0.0,0.0]}],"Second_Directory":"../Bin/Resources/UI/UI_InGameData/1Monster_HpBack.json","ThirdEffect_Curves":[{"Frames":[[-10000.0,0.0],[0.0,0.0],[0.0,0.0],[0.0,0.0],[0.0,0.0],[0.0,0.0],[0.0,0.0],[0.0,0.0],[0.0,0.0],[0.0,0.0],[0.0,0.0],[0.0,0.0],[0.0,0.0],[0.0,0.0],[0.0,0.0],[0.0,0.0],[0.0,0.0],[0.0,0.0],[0.0,0.0],[0.0,0.0],[0.0,0.0],[0.0,0.0],[0.0,0.0],[0.0,0.0],[0.0,0.0],[0.0,0.0],[0.0,0.0],[0.0,0.0],[0.0,0.0],[0.0,0.0]],"Name":"Color_Change","RangeMax":[1.0,1.0],"RangeMin":[0.0,0.0]}],"Third_Directory":"../Bin/Resources/UI/UI_InGameData/2Monster_Hp.json","Transform":{"WorldMatrix":[1.0,0.0,0.0,0.0,0.0,1.0,0.0,0.0,0.0,0.0,1.0,0.0,0.0,0.0,0.0,1.0]}}