{"BillBoardType":0,"BufferProtoTag":"Prototype_Component_VIBuffer_Rect","Children":[[1.4199999570846558,0.0,0.0,0.0,0.0,0.25999999046325684,0.0,0.0,0.0,0.0,1.0,0.0,0.0,-0.012853235006332397,0.0,1.0]],"ModelFolderDir":"","ModelProtoTag":"","ShaderParams":{"Float2s":[],"Float4s":[[0.2535718083381653,0.0,0.0,1.0]],"Float4x4s":[],"Floats":[1.0],"Ints":[],"Pass":11,"Textures":["..\\Bin\\Resources\\UI\\InGame\\Monster_SHp.png\u0000"]},"ShaderProtoTag":"Prototype_Component_Shader_VtxTex_VFX","bBillBoard":true,"bDecal":false,"bModelSprite":false,"bNormal":false,"bUseDepth":false}