{"BillBoardType":0,"BufferProtoTag":"Prototype_Component_VIBuffer_Rect","Children":[[1.5199999809265137,0.0,0.0,0.0,0.0,0.20000000298023224,0.0,0.0,0.0,0.0,1.0,0.0,0.0,0.0,0.0,1.0]],"ModelFolderDir":"","ModelProtoTag":"","ShaderParams":{"Float2s":[],"Float4s":[[1.0,0.0,0.0,1.0]],"Float4x4s":[],"Floats":[1.0],"Ints":[],"Pass":10,"Textures":["..\\Bin\\Resources\\UI\\Front_UI\\T_White.png\u0000","..\\Bin\\Resources\\UI\\InGame\\Monster_Hp.png\u0000","..\\Bin\\Resources\\UI\\InGame\\Monster_HpBack.png\u0000"]},"ShaderProtoTag":"Prototype_Component_Shader_VtxTex_VFX","bBillBoard":true,"bDecal":false,"bModelSprite":false,"bNormal":false,"bUseDepth":false}