{
    "BillBoardType": 0,
    "BufferProtoTag": "Prototype_Component_VIBuffer_Rect",
    "Children": [
        [
            3.526336193084717,
            0.0,
            0.0,
            0.0,
            0.0,
            0.08676876872777939,
            0.0,
            0.0,
            0.0,
            0.0,
            1.0,
            0.0,
            0.0,
            -0.049851857125759125,
            0.0,
            1.0
        ]
    ],
    "ModelFolderDir": "",
    "ModelProtoTag": "",
    "ShaderParams": {
        "Float2s": [],
        "Float4s": [
            [
                1.0,
                0.0,
                0.029819011688232422,
                1.0
            ]
        ],
        "Float4x4s": [],
        "Floats": [
            0.25,
            2.0
        ],
        "Ints": [
            1
        ],
        "Pass": 3,
        "Textures": [
            "..\\Bin\\Resources\\UI\\InGame\\Monster_ShieldEnd.png\u0000"
        ]
    },
    "ShaderProtoTag": "Prototype_Component_Shader_VtxTex_VFX_UI",
    "bBillBoard": true,
    "bDecal": false,
    "bModelSprite": false,
    "bNormal": false,
    "bUseDepth": false
}