{"BillBoardType":0,"BufferProtoTag":"Prototype_Component_VIBuffer_Rect","Children":[[1.7999999523162842,0.0,0.0,0.0,0.0,0.20000000298023224,0.0,0.0,0.0,0.0,1.0,0.0,0.0,0.15000000596046448,0.0,1.0]],"ModelFolderDir":"","ModelProtoTag":"","ShaderParams":{"Float2s":[[0.0,0.0],[20.0,13.0]],"Float4s":[],"Float4x4s":[],"Floats":[1.0],"Ints":[],"Pass":14,"Textures":["..\\Bin\\Resources\\UI\\InGame\\MonsterName.png\u0000"]},"ShaderProtoTag":"Prototype_Component_Shader_VtxTex_VFX","bBillBoard":true,"bDecal":false,"bModelSprite":false,"bNormal":false,"bUseDepth":false}