{"BillBoardType":0,"BufferProtoTag":"Prototype_Component_VIBuffer_Rect","Children":[[199.9991912841797,0.0,0.0,0.0,0.0,-8.742277714191005e-06,200.0,0.0,0.0,-200.0,-8.742277714191005e-06,0.0,0.0,0.0,0.0,1.0]],"ModelFolderDir":"","ModelProtoTag":"","ShaderParams":{"Float2s":[],"Float4s":[[0.0,0.0,0.0,0.0]],"Float4x4s":[],"Floats":[],"Ints":[],"Pass":4,"Textures":["..\\Bin\\Resources\\Texture\\VFX\\T_ef_ev_redStrings_line_003.png\u0000","..\\Bin\\Resources\\Texture\\VFX\\T_ef_ev_redStrings_line_005.png\u0000","..\\Bin\\Resources\\Texture\\VFX\\T_ef_ev_redStrings_line_006.png\u0000"]},"ShaderProtoTag":"Prototype_Component_Shader_VtxTex_VFX_UI","bBillBoard":false,"bDecal":false,"bModelSprite":false,"bNormal":false,"bUseDepth":false}