{"BillBoardType":0,"BufferProtoTag":"Prototype_Component_VIBuffer_Rect","Children":[[1.0,0.0,0.0,0.0,0.0,1.0,0.0,0.0,0.0,0.0,1.0,0.0,0.0,0.0,0.0,1.0]],"ModelFolderDir":"","ModelProtoTag":"","ShaderParams":{"Float2s":[],"Float4s":[[1.0,1.0,1.0,0.0],[0.699999988079071,0.0,1.0,0.0]],"Float4x4s":[],"Floats":[0.5,0.0],"Ints":[0],"Pass":3,"Textures":["..\\Bin\\Resources\\UI\\InGame\\PsCircle5.png\u0000"]},"ShaderProtoTag":"Prototype_Component_Shader_VtxTex_VFX_UI","bBillBoard":true,"bDecal":false,"bModelSprite":false,"bNormal":false,"bUseDepth":false}