{
    "BillBoardType": 0,
    "BufferProtoTag": "Prototype_Component_VIBuffer_Rect",
    "Children": [
        [
            0.15000000596046448,
            0.0,
            0.0,
            0.0,
            0.0,
            0.15000000596046448,
            0.0,
            0.0,
            0.0,
            0.0,
            1.0,
            0.0,
            -0.4000000059604645,
            0.0,
            0.0,
            1.0
        ]
    ],
    "ModelFolderDir": "",
    "ModelProtoTag": "",
    "ShaderParams": {
        "Float2s": [
            [
                1.0,
                1.0
            ],
            [
                11.0,
                1.0
            ]
        ],
        "Float4s": [],
        "Float4x4s": [],
        "Floats": [
            1.0
        ],
        "Ints": [],
        "Pass": 14,
        "Textures": [
            "..\\Bin\\Resources\\UI\\InGame\\HillNum.png\u0000"
        ]
    },
    "ShaderProtoTag": "Prototype_Component_Shader_VtxTex_VFX",
    "bBillBoard": true,
    "bDecal": false,
    "bModelSprite": false,
    "bNormal": false,
    "bUseDepth": false
}