{
    "BillBoardType": 0,
    "BufferProtoTag": "Prototype_Component_VIBuffer_Rect",
    "Children": [
        [
            -0.7071011662483215,
            0.7071011662483215,
            0.0,
            0.0,
            -0.7071011662483215,
            -0.7071011662483215,
            0.0,
            0.0,
            0.0,
            0.0,
            0.9998863339424133,
            0.0,
            -1.5,
            0.0,
            0.0,
            1.0
        ]
    ],
    "ModelFolderDir": "",
    "ModelProtoTag": "",
    "ShaderParams": {
        "Float2s": [],
        "Float4s": [
            [
                0.5960000157356262,
                0.0,
                0.0,
                1.9866666793823242
            ],
            [
                0.30000001192092896,
                0.0,
                0.0,
                1.0
            ]
        ],
        "Float4x4s": [],
        "Floats": [
            0.15066666901111603,
            3.0
        ],
        "Ints": [],
        "Pass": 8,
        "Textures": [
            "..\\Bin\\Resources\\UI\\InGame\\64.Monster_Lockon0.dds\u0000",
            "..\\Bin\\Resources\\UI\\InGame\\64.Monster_Lockon1.dds\u0000"
        ]
    },
    "ShaderProtoTag": "Prototype_Component_Shader_VtxTex_VFX",
    "bBillBoard": true,
    "bDecal": false,
    "bModelSprite": false,
    "bNormal": false,
    "bUseDepth": false
}