{"BillBoardType":0,"BufferProtoTag":"Prototype_Component_VIBuffer_Rect","Children":[[-1.0,1.8199258420281694e-06,0.0,0.0,-1.8199258420281694e-06,-1.0,0.0,0.0,0.0,0.0,0.9999989867210388,0.0,0.5,0.15000000596046448,0.0,1.0]],"ModelFolderDir":"","ModelProtoTag":"","ShaderParams":{"Float2s":[],"Float4s":[[0.5036177039146423,0.20144708454608917,0.20144708454608917,0.5036177039146423],[1.0,0.4000000059604645,0.4000000059604645,1.0]],"Float4x4s":[],"Floats":[],"Ints":[],"Pass":9,"Textures":["..\\Bin\\Resources\\UI\\InGame\\128.Monster_FindArrow0.dds\u0000"]},"ShaderProtoTag":"Prototype_Component_Shader_VtxTex_VFX","bBillBoard":true,"bDecal":false,"bModelSprite":false,"bNormal":false,"bUseDepth":false}