{"BillBoardType":0,"BufferProtoTag":"Prototype_Component_VIBuffer_Rect","Children":[[1.350000023841858,0.0,0.0,0.0,0.0,0.17000000178813934,0.0,0.0,0.0,0.0,1.0,0.0,0.0,0.10000000149011612,0.0,1.0]],"ModelFolderDir":"","ModelProtoTag":"","ShaderParams":{"Float2s":[],"Float4s":[[0.4901960790157318,0.4901960790157318,0.4901960790157318,1.0]],"Float4x4s":[],"Floats":[],"Ints":[],"Pass":9,"Textures":["..\\Bin\\Resources\\UI\\InGame\\MonsterNameBackGround.png\u0000"]},"ShaderProtoTag":"Prototype_Component_Shader_VtxTex_VFX","bBillBoard":true,"bDecal":false,"bModelSprite":false,"bNormal":false,"bUseDepth":false}