{"BillBoardType":0,"BufferProtoTag":"Prototype_Component_VIBuffer_Rect","Children":[[1.350000023841858,0.0,0.0,0.0,0.0,0.17000000178813934,0.0,0.0,0.0,0.0,1.0,0.0,0.0,0.10000000149011612,0.0,1.0]],"ModelFolderDir":"","ModelProtoTag":"","ShaderParams":{"Float2s":[[0.0,0.0],[20.0,13.0]],"Float4s":[],"Float4x4s":[],"Floats":[1.0],"Ints":[],"Pass":14,"Textures":["..\\Bin\\Resources\\UI\\InGame\\MonsterName.png\u0000"]},"ShaderProtoTag":"Prototype_Component_Shader_VtxTex_VFX","bBillBoard":true,"bDecal":false,"bModelSprite":false,"bNormal":false,"bUseDepth":false}