{"BillBoardType":0,"BufferProtoTag":"Prototype_Component_VIBuffer_Rect","Children":[[1.0,0.0,0.0,0.0,0.0,1.0,0.0,0.0,0.0,0.0,1.0,0.0,0.0,0.0,0.0,1.0]],"ModelFolderDir":"","ModelProtoTag":"../Bin/Resources/Model/StaticModel/Effect/NoticeNeon/NoticeNeon_fire.static_model","ShaderParams":{"Float2s":[],"Float4s":[[0.2818809747695923,0.0,0.0,0.0],[0.29968303442001343,0.0,0.0,0.0]],"Float4x4s":[],"Floats":[4.730363368988037],"Ints":[],"Pass":0,"Textures":[]},"ShaderProtoTag":"Prototype_Component_Shader_VtxModel_VFX_UI","bBillBoard":true,"bDecal":false,"bModelSprite":false,"bNormal":false,"bUseDepth":false}