{"BillBoardType":0,"BufferProtoTag":"Prototype_Component_VIBuffer_Rect","Children":[[1.0,0.0,0.0,0.0,0.0,1.0,0.0,0.0,0.0,0.0,1.0,0.0,0.0,0.7309117317199707,0.0,1.0]],"ModelFolderDir":"","ModelProtoTag":"../Bin/Resources/Model/StaticModel/Effect/NoticeNeon/NoticeNeon_HP.static_model","ShaderParams":{"Float2s":[],"Float4s":[[0.06507554650306702,0.0,0.0013395840069279075,0.0],[0.06997346878051758,0.0,0.0014404080575332046,0.0]],"Float4x4s":[],"Floats":[7.462308883666992],"Ints":[],"Pass":0,"Textures":[]},"ShaderProtoTag":"Prototype_Component_Shader_VtxModel_VFX_UI","bBillBoard":true,"bDecal":false,"bModelSprite":false,"bNormal":false,"bUseDepth":false}