{"BillBoardType":0,"BufferProtoTag":"Prototype_Component_VIBuffer_Rect","Children":[[1.0,0.0,0.0,0.0,0.0,1.0,0.0,0.0,0.0,0.0,1.0,0.0,0.0,0.0,0.0,1.0]],"ModelFolderDir":"","ModelProtoTag":"","ShaderParams":{"Float2s":[],"Float4s":[[0.708635687828064,0.25129324197769165,1.0,1.0]],"Float4x4s":[],"Floats":[1.0],"Ints":[],"Pass":12,"Textures":["..\\Bin\\Resources\\UI\\Front_UI\\T_White.png\u0000","..\\Bin\\Resources\\UI\\InGame\\PsGauge0.dds\u0000","..\\Bin\\Resources\\UI\\InGame\\PsGauge2.dds\u0000"]},"ShaderProtoTag":"Prototype_Component_Shader_VtxTex_VFX","bBillBoard":true,"bDecal":false,"bModelSprite":false,"bNormal":false,"bUseDepth":false}