{
    "BillBoardType": 0,
    "BufferProtoTag": "Prototype_Component_VIBuffer_Rect",
    "Children": [
        [
            1.0,
            0.0,
            0.0,
            0.0,
            0.0,
            1.0,
            0.0,
            0.0,
            0.0,
            0.0,
            1.0,
            0.0,
            0.0,
            0.0,
            0.0,
            1.0
        ]
    ],
    "ModelFolderDir": "",
    "ModelProtoTag": "",
    "ShaderParams": {
        "Float2s": [],
        "Float4s": [
            [
                1.0,
                1.0,
                1.0,
                0.5
            ],
            [
                0.32600000500679016,
                0.057999998331069946,
                0.5849999785423279,
                0.5
            ]
        ],
        "Float4x4s": [],
        "Floats": [
            0.0,
            0.10000000149011612
        ],
        "Ints": [
            1
        ],
        "Pass": 3,
        "Textures": [
            "..\\Bin\\Resources\\UI\\InGame\\PsGauge3.dds\u0000"
        ]
    },
    "ShaderProtoTag": "Prototype_Component_Shader_VtxTex_VFX_UI",
    "bBillBoard": true,
    "bDecal": false,
    "bModelSprite": false,
    "bNormal": false,
    "bUseDepth": false
}