{"BillBoardType":0,"BufferProtoTag":"Prototype_Component_VIBuffer_Rect","Children":[[1.0,0.0,0.0,0.0,0.0,1.0,0.0,0.0,0.0,0.0,1.0,0.0,0.0,0.0,0.0,1.0]],"ModelFolderDir":"","ModelProtoTag":"","ShaderParams":{"Float2s":[],"Float4s":[[1.0,0.0,0.0,1.0]],"Float4x4s":[],"Floats":[0.0,3.0],"Ints":[],"Pass":8,"Textures":["..\\Bin\\Resources\\UI\\InGame\\PsBan0.dds\u0000","..\\Bin\\Resources\\UI\\InGame\\PsBan1.dds\u0000"]},"ShaderProtoTag":"Prototype_Component_Shader_VtxTex_VFX","bBillBoard":true,"bDecal":false,"bModelSprite":false,"bNormal":false,"bUseDepth":false}